split,interval,coin,p,d,q,aic,cv_rmse,cv_std,test_rmse
2024-06-01 (80/20),1min,BNBUSDT,1,0,1,-18888035.97253089,0.0008997517335134613,0.00011610340905464447,0.0008263991104999274
2024-06-01 (80/20),1min,BTCUSDT,1,0,1,-19846263.702428594,0.0007729088569967062,0.00014252387925447669,0.000739061870850156
2024-06-01 (80/20),1min,ETHUSDT,1,0,1,-19072270.45090555,0.0009335983970796633,0.00021285636618014232,0.0010142683044063472
2024-06-01 (80/20),1min,SOLUSDT,1,0,1,-17386823.087295454,0.0015978041015811608,0.00011265468239968335,0.001303629663995514
2024-06-01 (80/20),1min,XRPUSDT,1,0,1,-18067853.060341682,0.0011520319066049296,0.00011719924005455108,0.0014845395857982122
2024-06-01 (80/20),10min,BNBUSDT,1,1,2,-1468132.4108807584,0.04197837670535276,0.025559715632857066,0.05308040411692411
2024-06-01 (80/20),10min,BTCUSDT,3,0,3,-1572225.4873544336,0.0024131822120621316,0.0004569143323673165,0.0023100839845406197
2024-06-01 (80/20),10min,ETHUSDT,3,0,0,-1491662.2131226112,0.002953604631429504,0.000705965938870276,0.0031113418257573563
2024-06-01 (80/20),10min,SOLUSDT,3,1,3,-1319425.0104702702,0.047131768530089685,0.008070595950210988,0.03937704783468283
2024-06-01 (80/20),10min,XRPUSDT,3,0,2,-1396763.8323495553,0.003592748244884678,0.0003904942758981838,0.00465144930244721
2024-06-01 (80/20),1h,BNBUSDT,1,1,1,-193887.10495498162,0.014233214778883395,0.0016958863870355067,0.01986686333695878
2024-06-01 (80/20),1h,BTCUSDT,0,0,0,-212314.29625369923,0.0057703974049831104,0.0010448236972125564,0.00563106518169494
2024-06-01 (80/20),1h,ETHUSDT,2,0,2,-198274.58661382727,0.007132274831965887,0.0017013676144788487,0.007633595949964338
2024-06-01 (80/20),1h,SOLUSDT,2,1,2,-169560.62925387642,0.015444803372291168,0.0012317916201752988,0.01260706498591304
2024-06-01 (80/20),1h,XRPUSDT,1,0,3,-183386.79839383397,0.008508137579893426,0.0009180715985638592,0.011226633416482074
2024-06-01 (80/20),1d,BNBUSDT,2,0,0,-4032.7495062772646,0.03258424903113607,0.0061146731179011525,0.02790524036832047
2024-06-01 (80/20),1d,BTCUSDT,1,0,0,-4921.833832940899,0.02912286815555334,0.00495650749829468,0.02627203572380876
2024-06-01 (80/20),1d,ETHUSDT,1,0,0,-4281.047695519707,0.03603129547301963,0.00810762440997189,0.03695383682637623
2024-06-01 (80/20),1d,SOLUSDT,0,1,2,-3241.538443559235,0.057875833754876344,0.006432059605272141,0.0466736617357882
2024-06-01 (80/20),1d,XRPUSDT,0,0,2,-3700.183350054325,0.04122275243641003,0.008299137860670514,0.051469889710846616
2024-10-01,1min,BNBUSDT,1,0,1,-20842095.702057865,0.000871945326712643,0.00014806669969201396,0.0008374626932266285
2024-10-01,1min,BTCUSDT,1,0,1,-21867027.069035232,0.0007511029582723767,0.00015404849160003114,0.0007501676823572011
2024-10-01,1min,ETHUSDT,1,0,1,-21016258.812883172,0.000910225300194605,0.0002483695021653972,0.0010770526099583818
2024-10-01,1min,SOLUSDT,1,0,1,-19197517.426255498,0.0015411725401723528,0.00020737869921510422,0.0013619083791711576
2024-10-01,1min,XRPUSDT,1,0,1,-19938696.80784098,0.001117631933850819,0.00013208738647618647,0.0016940520519902965
2024-10-01,10min,BNBUSDT,0,1,1,-1625319.0124942146,0.07317289637085876,0.04832665279761946,0.05366236858344032
2024-10-01,10min,BTCUSDT,3,0,3,-1734267.886009056,0.0023517733958316727,0.0004934115508778279,0.0023548527996500464
2024-10-01,10min,ETHUSDT,3,0,0,-1646296.652195771,0.002867189733509421,0.0008166649758994906,0.0033166247170687045
2024-10-01,10min,SOLUSDT,0,1,3,-1461456.153337733,0.010228288536774127,0.0027213319679481023,0.021440159537134244
2024-10-01,10min,XRPUSDT,3,0,2,-1543840.9346488118,0.0034790696004243153,0.0004353661629344496,0.005319608132114318
2024-10-01,1h,BNBUSDT,1,1,1,-214527.409118098,0.02015107665496549,0.006248635868204981,0.015599110190555812
2024-10-01,1h,BTCUSDT,0,0,0,-234237.167161798,0.005666444349041955,0.0010953859785105024,0.005728164964345895
2024-10-01,1h,ETHUSDT,2,0,2,-218999.95671636186,0.006958973241618735,0.0018985698916023838,0.008195391710605838
2024-10-01,1h,SOLUSDT,2,1,2,-187962.06520473736,0.01638067249736142,0.003495401004075715,0.011041177728593057
2024-10-01,1h,XRPUSDT,0,0,2,-202902.87216696917,0.008355171742162023,0.000944444922211963,0.012822207304265525
2024-10-01,1d,BNBUSDT,2,0,0,-4506.986897764165,0.03157025244076128,0.0066659234031541574,0.026800183305078776
2024-10-01,1d,BTCUSDT,1,0,0,-5455.770162869756,0.028318637818587584,0.005340122125443683,0.02649997721948235
2024-10-01,1d,ETHUSDT,1,0,0,-4758.203293705134,0.03467728712019321,0.009806557693881252,0.03942316055591066
2024-10-01,1d,SOLUSDT,0,1,2,-3634.458974383275,0.05719831512325415,0.007104206484858835,0.04928137667723051
2024-10-01,1d,XRPUSDT,0,0,2,-4137.841346053039,0.0407792767912756,0.005908411955493671,0.05909128073581505
2025-01-01,1min,BNBUSDT,1,0,1,-22310156.280387316,0.000873154889709141,0.000129299380481892,0.0008147724753832982
2025-01-01,1min,BTCUSDT,1,0,1,-23396502.91547683,0.0007481299201529014,0.00012993580933108337,0.0007858786282738836
2025-01-01,1min,ETHUSDT,1,0,1,-22482180.43723216,0.0009115883651285734,0.00022630628118236272,0.0011941100180435727
2025-01-01,1min,SOLUSDT,1,0,1,-20568673.449067272,0.0015159978436639085,0.00020560386568664138,0.001493313290841065
2025-01-01,1min,XRPUSDT,1,0,1,-21225316.969129227,0.0011909148040871213,0.00011789516386517755,0.0015809759305433827
2025-01-01,10min,BNBUSDT,3,0,0,-1744114.948716878,0.002721346936233398,0.0004747954939891301,0.002560697442672369
2025-01-01,10min,BTCUSDT,3,0,3,-1856663.517986628,0.002344842660931977,0.00041632714035918784,0.0024467814190971032
2025-01-01,10min,ETHUSDT,3,0,0,-1762400.4292816464,0.0028719595404388776,0.0007435174736919222,0.003637225953524372
2025-01-01,10min,SOLUSDT,0,1,3,-1569482.9963197438,0.018594764059204866,0.013329362169309808,0.04957292353611311
2025-01-01,10min,XRPUSDT,3,0,3,-1642323.4334819994,0.0037027497401790773,0.00040679706599970985,0.00499671786639433
2025-01-01,1h,BNBUSDT,2,0,0,-230237.77127168226,0.006663804965551364,0.0011808765149662016,0.006282878433919833
2025-01-01,1h,BTCUSDT,0,0,0,-250813.6141745568,0.005659819387513483,0.0009257233642236597,0.005958213432847441
2025-01-01,1h,ETHUSDT,0,0,0,-234430.21521947504,0.0069825958306797406,0.0017219247520197552,0.009003901195289168
2025-01-01,1h,SOLUSDT,2,1,1,-202324.34775792956,0.054216563935590295,0.02952409738251391,0.01212136562869067
2025-01-01,1h,XRPUSDT,2,0,1,-215343.14166370413,0.008920210356518103,0.0008143662952919833,0.01202769590462031
2025-01-01,1d,BNBUSDT,3,0,1,-4868.424148747753,0.031094983821074004,0.006604589232619841,0.026794072039657356
2025-01-01,1d,BTCUSDT,0,0,0,-5859.991562295407,0.02818567712393566,0.004411549272183175,0.027534870466724863
2025-01-01,1d,ETHUSDT,1,0,0,-5110.607846951301,0.03474509316454827,0.008987362406054368,0.04353023400797553
2025-01-01,1d,SOLUSDT,0,0,0,-3941.5212481385274,0.05356379577201057,0.010330357334665707,0.056778100550005574
2025-01-01,1d,XRPUSDT,0,0,0,-4381.391812441463,0.04324340609797287,0.001417467438419213,0.055881819017270004
